version,label,size,avg_time_sec,median_time_sec,relative_speedup,absolute_speedup,gflops,checksum
v1_python,Python,512,4.7499083056670015,4.783983625002293,1.0,1.0,0.056513818525662084,-6740.486084331566
v2_cpp_baseline,C++基础版,512,0.42515025,0.426406,11.172305098414034,11.172305098414034,0.6313896228451,-6740.486084331
v3_cpp_loop_reorder,调整循环顺序,512,0.15327506966666668,0.152118833,2.7737730012101185,30.989438243263002,1.7513314890919778,-6740.486084331
v4_cpp_optimized,编译优化(-O3),512,0.017762764,0.017806417,8.62901008349076,267.40817508283067,15.112257078909565,-6740.486084331
v5_cpp_unrolled,循环展开,512,0.017665777666666667,0.017835416,1.0054900687172315,268.87626433958485,15.195224408745247,-6740.486084331
v6_mkl,Intel MKL（Docker/x86_64）,512,0.2656,0.2656,0.0665127171184739,17.88369090989082,1.0106756626506024,-6740.486084332
